	variantChrom	variantPosition	variantAlt	ensemblID	variantPIP	NMATCH	DMATCH	POPGROUP
0	1	2559503	A	ENSG00000238164.6	0.0197313311807048	match	mismatch	BEB
1	1	2559503	A	ENSG00000238164.6	0.0197313311807048	match	mismatch	CEU
2	1	2559503	A	ENSG00000238164.6	0.0197313311807048	match	mismatch	CHB
3	1	2559503	A	ENSG00000238164.6	0.0197313311807048	match	mismatch	CLM
4	1	2559503	A	ENSG00000238164.6	0.0197313311807048	match	mismatch	FIN
5	1	2559503	A	ENSG00000238164.6	0.0197313311807048	match	mismatch	GBR
6	1	2559503	A	ENSG00000238164.6	0.0197313311807048	match	mismatch	IBS
7	1	2559503	A	ENSG00000238164.6	0.0197313311807048	match	mismatch	ITU
8	1	2559503	A	ENSG00000238164.6	0.0197313311807048	match	mismatch	JPT
9	1	2559503	A	ENSG00000238164.6	0.0197313311807048	match	mismatch	KHV
10	1	2559503	A	ENSG00000238164.6	0.0197313311807048	match	mismatch	MXL
11	1	2559503	A	ENSG00000238164.6	0.0197313311807048	match	mismatch	PEL
12	1	2559503	A	ENSG00000238164.6	0.0197313311807048	match	mismatch	PUR
13	1	2559503	A	ENSG00000238164.6	0.0197313311807048	match	mismatch	TSI
14	1	2559503	A	ENSG00000157870.17	0.0201013003528391	match	mismatch	BEB
15	1	2559503	A	ENSG00000157870.17	0.0201013003528391	match	mismatch	CEU
16	1	2559503	A	ENSG00000157870.17	0.0201013003528391	match	mismatch	CHB
17	1	2559503	A	ENSG00000157870.17	0.0201013003528391	match	mismatch	CLM
18	1	2559503	A	ENSG00000157870.17	0.0201013003528391	match	mismatch	FIN
19	1	2559503	A	ENSG00000157870.17	0.0201013003528391	match	mismatch	GBR
20	1	2559503	A	ENSG00000157870.17	0.0201013003528391	match	mismatch	IBS
21	1	2559503	A	ENSG00000157870.17	0.0201013003528391	match	mismatch	ITU
22	1	2559503	A	ENSG00000157870.17	0.0201013003528391	match	mismatch	JPT
23	1	2559503	A	ENSG00000157870.17	0.0201013003528391	match	mismatch	KHV
24	1	2559503	A	ENSG00000157870.17	0.0201013003528391	match	mismatch	MXL
25	1	2559503	A	ENSG00000157870.17	0.0201013003528391	match	mismatch	PEL
26	1	2559503	A	ENSG00000157870.17	0.0201013003528391	match	mismatch	PUR
27	1	2559503	A	ENSG00000157870.17	0.0201013003528391	match	mismatch	TSI
28	1	220775759	G	ENSG00000117791.16	0.0092936691143746	match	match	BEB
29	1	220775759	G	ENSG00000117791.16	0.0092936691143746	match	match	CEU
30	1	220775759	G	ENSG00000117791.16	0.0092936691143746	match	match	CLM
31	1	220775759	G	ENSG00000117791.16	0.0092936691143746	match	match	GIH
32	1	220775759	G	ENSG00000117791.16	0.0092936691143746	match	match	IBS
33	1	220775759	G	ENSG00000117791.16	0.0092936691143746	match	match	ITU
34	1	220775759	G	ENSG00000117791.16	0.0092936691143746	match	match	MXL
35	1	220775759	G	ENSG00000117791.16	0.0092936691143746	match	match	PJL
36	1	220775759	G	ENSG00000117791.16	0.0092936691143746	match	match	PUR
37	1	220775759	G	ENSG00000117791.16	0.0092936691143746	match	match	STU
38	1	220775759	G	ENSG00000117791.16	0.0092936691143746	match	match	TSI
39	1	223957669	G	ENSG00000143514.17	0.0068958082319368	match	match	BEB
40	1	223957669	G	ENSG00000143514.17	0.0068958082319368	match	match	CDX
41	1	223957669	G	ENSG00000143514.17	0.0068958082319368	match	match	CHB
42	1	223957669	G	ENSG00000143514.17	0.0068958082319368	match	match	CHS
43	1	223957669	G	ENSG00000143514.17	0.0068958082319368	match	match	JPT
44	1	223957669	G	ENSG00000143514.17	0.0068958082319368	match	match	KHV
45	1	223957669	G	ENSG00000185495.10	0.0063136826785121	match	match	BEB
46	1	223957669	G	ENSG00000185495.10	0.0063136826785121	match	match	CDX
47	1	223957669	G	ENSG00000185495.10	0.0063136826785121	match	match	CHB
48	1	223957669	G	ENSG00000185495.10	0.0063136826785121	match	match	CHS
49	1	223957669	G	ENSG00000185495.10	0.0063136826785121	match	match	JPT
50	1	223957669	G	ENSG00000185495.10	0.0063136826785121	match	match	KHV
51	1	223957669	G	ENSG00000278467.1	0.0097701714461174	match	match	BEB
52	1	223957669	G	ENSG00000278467.1	0.0097701714461174	match	match	CDX
53	1	223957669	G	ENSG00000278467.1	0.0097701714461174	match	match	CHB
54	1	223957669	G	ENSG00000278467.1	0.0097701714461174	match	match	CHS
55	1	223957669	G	ENSG00000278467.1	0.0097701714461174	match	match	JPT
56	1	223957669	G	ENSG00000278467.1	0.0097701714461174	match	match	KHV
57	6	43334547	T	ENSG00000179157.4	0.0769746937772593	notcomp	match	BEB
58	6	43334547	T	ENSG00000179157.4	0.0769746937772593	notcomp	match	CEU
59	6	43334547	T	ENSG00000179157.4	0.0769746937772593	notcomp	match	CLM
60	6	43334547	T	ENSG00000179157.4	0.0769746937772593	notcomp	match	FIN
61	6	43334547	T	ENSG00000179157.4	0.0769746937772593	notcomp	match	GBR
62	6	43334547	T	ENSG00000179157.4	0.0769746937772593	notcomp	match	GIH
63	6	43334547	T	ENSG00000179157.4	0.0769746937772593	notcomp	match	IBS
64	6	43334547	T	ENSG00000179157.4	0.0769746937772593	notcomp	match	ITU
65	6	43334547	T	ENSG00000179157.4	0.0769746937772593	notcomp	match	KHV
66	6	43334547	T	ENSG00000179157.4	0.0769746937772593	notcomp	match	PJL
67	6	43334547	T	ENSG00000179157.4	0.0769746937772593	notcomp	match	PUR
68	6	43334547	T	ENSG00000179157.4	0.0769746937772593	notcomp	match	STU
69	6	43334547	T	ENSG00000179157.4	0.0769746937772593	notcomp	match	TSI
70	7	135114174	C	ENSG00000172331.12	0.0059679987349187	match	match	CDX
71	7	135114174	C	ENSG00000172331.12	0.0059679987349187	match	match	CHB
72	7	135114174	C	ENSG00000172331.12	0.0059679987349187	match	match	CHS
73	7	135114174	C	ENSG00000172331.12	0.0059679987349187	match	match	JPT
74	7	135114174	C	ENSG00000172331.12	0.0059679987349187	match	match	KHV
75	7	135114174	C	ENSG00000146859.6	0.0045504100919833	match	match	CDX
76	7	135114174	C	ENSG00000146859.6	0.0045504100919833	match	match	CHB
77	7	135114174	C	ENSG00000146859.6	0.0045504100919833	match	match	CHS
78	7	135114174	C	ENSG00000146859.6	0.0045504100919833	match	match	JPT
79	7	135114174	C	ENSG00000146859.6	0.0045504100919833	match	match	KHV
80	7	135114174	C	ENSG00000272941.1	0.0151920079920571	match	match	CDX
81	7	135114174	C	ENSG00000272941.1	0.0151920079920571	match	match	CHB
82	7	135114174	C	ENSG00000272941.1	0.0151920079920571	match	match	CHS
83	7	135114174	C	ENSG00000272941.1	0.0151920079920571	match	match	JPT
84	7	135114174	C	ENSG00000272941.1	0.0151920079920571	match	match	KHV
85	11	403939	G	ENSG00000185187.13	0.446834917876989	match	match	CEU
86	11	403939	G	ENSG00000185187.13	0.446834917876989	match	match	CHB
87	11	403939	G	ENSG00000185187.13	0.446834917876989	match	match	FIN
88	11	403939	G	ENSG00000185187.13	0.446834917876989	match	match	GBR
89	11	403939	G	ENSG00000185187.13	0.446834917876989	match	match	GIH
90	11	403939	G	ENSG00000185187.13	0.446834917876989	match	match	IBS
91	11	403939	G	ENSG00000185187.13	0.446834917876989	match	match	KHV
92	11	403939	G	ENSG00000185187.13	0.446834917876989	match	match	PJL
93	11	403939	G	ENSG00000185187.13	0.446834917876989	match	match	PUR
94	11	403939	G	ENSG00000185187.13	0.446834917876989	match	match	STU
95	11	403939	G	ENSG00000185187.13	0.446834917876989	match	match	TSI
96	11	406483	C	ENSG00000185187.13	0.137388184429921	match	match	CEU
97	11	406483	C	ENSG00000185187.13	0.137388184429921	match	match	CHB
98	11	406483	C	ENSG00000185187.13	0.137388184429921	match	match	FIN
99	11	406483	C	ENSG00000185187.13	0.137388184429921	match	match	GBR
100	11	406483	C	ENSG00000185187.13	0.137388184429921	match	match	GIH
101	11	406483	C	ENSG00000185187.13	0.137388184429921	match	match	IBS
102	11	406483	C	ENSG00000185187.13	0.137388184429921	match	match	KHV
103	11	406483	C	ENSG00000185187.13	0.137388184429921	match	match	PJL
104	11	406483	C	ENSG00000185187.13	0.137388184429921	match	match	PUR
105	11	406483	C	ENSG00000185187.13	0.137388184429921	match	match	STU
106	11	406483	C	ENSG00000185187.13	0.137388184429921	match	match	TSI
107	11	407708	C	ENSG00000185187.13	0.137388184429921	match	match	CEU
108	11	407708	C	ENSG00000185187.13	0.137388184429921	match	match	CHB
109	11	407708	C	ENSG00000185187.13	0.137388184429921	match	match	FIN
110	11	407708	C	ENSG00000185187.13	0.137388184429921	match	match	GBR
111	11	407708	C	ENSG00000185187.13	0.137388184429921	match	match	GIH
112	11	407708	C	ENSG00000185187.13	0.137388184429921	match	match	IBS
113	11	407708	C	ENSG00000185187.13	0.137388184429921	match	match	KHV
114	11	407708	C	ENSG00000185187.13	0.137388184429921	match	match	PJL
115	11	407708	C	ENSG00000185187.13	0.137388184429921	match	match	PUR
116	11	407708	C	ENSG00000185187.13	0.137388184429921	match	match	STU
117	11	407708	C	ENSG00000185187.13	0.137388184429921	match	match	TSI
118	11	409385	G	ENSG00000185187.13	0.137388184429921	match	match	CEU
119	11	409385	G	ENSG00000185187.13	0.137388184429921	match	match	CHB
120	11	409385	G	ENSG00000185187.13	0.137388184429921	match	match	FIN
121	11	409385	G	ENSG00000185187.13	0.137388184429921	match	match	GBR
122	11	409385	G	ENSG00000185187.13	0.137388184429921	match	match	GIH
123	11	409385	G	ENSG00000185187.13	0.137388184429921	match	match	IBS
124	11	409385	G	ENSG00000185187.13	0.137388184429921	match	match	KHV
125	11	409385	G	ENSG00000185187.13	0.137388184429921	match	match	PJL
126	11	409385	G	ENSG00000185187.13	0.137388184429921	match	match	PUR
127	11	409385	G	ENSG00000185187.13	0.137388184429921	match	match	STU
128	11	409385	G	ENSG00000185187.13	0.137388184429921	match	match	TSI
129	11	409720	G	ENSG00000185187.13	0.137388184429921	match	match	CEU
130	11	409720	G	ENSG00000185187.13	0.137388184429921	match	match	CHB
131	11	409720	G	ENSG00000185187.13	0.137388184429921	match	match	FIN
132	11	409720	G	ENSG00000185187.13	0.137388184429921	match	match	GBR
133	11	409720	G	ENSG00000185187.13	0.137388184429921	match	match	GIH
134	11	409720	G	ENSG00000185187.13	0.137388184429921	match	match	IBS
135	11	409720	G	ENSG00000185187.13	0.137388184429921	match	match	KHV
136	11	409720	G	ENSG00000185187.13	0.137388184429921	match	match	PJL
137	11	409720	G	ENSG00000185187.13	0.137388184429921	match	match	PUR
138	11	409720	G	ENSG00000185187.13	0.137388184429921	match	match	STU
139	11	409720	G	ENSG00000185187.13	0.137388184429921	match	match	TSI
